id,name,model_id,group_id/id,operation,domain
access_monero_payment_user,monero.payment.user,monero.payment,payment_monero_rpc.group_monero_user,r,"[('sale_order_id.partner_id', '=', user.partner_id.id)]"
access_monero_payment_manager,monero.payment.manager,monero.payment,payment_monero_rpc.group_monero_manager,cru,
access_monero_transaction_user,monero.transaction.user,monero.transaction,payment_monero_rpc.group_monero_user,r,
access_monero_transaction_manager,monero.transaction.manager,monero.transaction,payment_monero_rpc.group_monero_manager,ru,
access_monero_daemon_admin,monero.daemon.admin,monero.daemon,payment_monero_rpc.group_monero_admin,cru,
access_payment_provider_monero_admin,payment.provider.monero.admin,payment.provider,payment_monero_rpc.group_monero_admin,cru,
access_pos_payment_monero_manager,pos.payment.monero.manager,pos.payment.method,payment_monero_rpc.group_monero_manager,cru,
access_pos_order_monero_user,pos.order.monero.user,pos.order,payment_monero_rpc.group_monero_user,r,
access_pos_order_monero_manager,pos.order.monero.manager,pos.order,payment_monero_rpc.group_monero_manager,cru,
access_res_config_monero_admin,res.config.settings.monero.admin,res.config.settings,payment_monero_rpc.group_monero_admin,cru,
